,0,1
0,d87396ad153b,Size 110 cm. The company KIKO. Good condition.
1,c7c3c978e387,"sand for swimming, new.price is indicated when buying 5 pcs, per piece - 150 r"
2,0ba002b3ef05,2-30-03-55 - Valery
3,2916d5918c67,None
4,572918d15112,Boots dressed a couple of times.
5,7a1bd2597aea,None
6,572dc8131989,"In Technolavka on sale appeared a simple tablet Oysters T72V 3G with support for 2 SIM and mobile phone functions. /
/
In a good condition. In operation a little over a year. Completely defective. /
The guarantee of our shop is 1 month. /
/
Display: 7, 1024x600; /
The processor: MTK 8312 Dual Core 2х1.2Ггц; /
Operative memory: 1гб; /
Built-in memory: 4GB; /
Support SIM: 2 SIM; /
Camera: 2MP and 0.3MP; /
Communication: Bluetooth, Wi-Fi, 3G; /
Battery: 2800 mAh; /
Completeness: Complete; /
/
The price is only 2500r + plus a discount of up to 50% on the recycling program is possible. Thus, you can buy this simple tablet from 1250r having handed over your equipment in any condition (phones, tablets, computers and accessories, TV sets, monitors, etc., etc.) /
/
Details of the action and the full assortment can be found on the site of the Technolawka Sterlitamak! /
We kindly ask you to carefully read the announcement and include your head. /
We shop. We work every day from 10 to 20 hours. At other times the phone is not available !!! We accept plastic cards! /
All evaluations of technology and exchange options are considered only in our store. /
SMS does not write! /
/
The price is indicated with the maximum possible discount."
7,739fc3317ebe,I sell short boots made of genuine leather. Spring-autumn. The size 41. Westfalica. Good condition. Bargain.
8,c21e6e7232fd,The apartment is renovated
9,dade9474c93d,"Selling almost new shoes, I put it on once. In perfect condition."
10,13d9e2ba1332,"The apartment is clean, bright. Near the universities, kindergarten, school, theater. Convenient transport interchange. Also nearby are shops, a sports complex, a forest. The pipes are changed, the windows are plastic, the balcony is glazed, the meters for gas and water are standing. The apartment is warm, not angular.Torg is appropriate. It is also possible as a sale and exchange, for 2-room in Novokuibyshevsk"
11,68bf9cdabfae,Mounting foam on the gun. 250p.
12,72a6d25fbbf9,None
13,df183a6f9848,"We are glad to see you in our stores: /
/
> Ufa, Prospect Oktyabrya 4/1, Center for Peace and Commerce ""Mir"", 3rd floor, Aks Shop /
 /
> Ufa, Mendeleyev street, 137 TRC ""Iremel"", 1 floor, Aks Shop /
 /
> Ufa, Mendeleyev street, 137 TRC ""Iremel"", 1 floor, NOKIA /
/
Tell the seller that you came from the store ""AVITO"", and guaranteed to receive a discount of 10%. Enjoy the shopping."
14,4c93cfdc32cb,"New short boots, leather. In excellent condition, not worn. Bargain"
15,40184921c7f5,"We sell: cucklings and mules. Excellent young growth is well preserved. Our company is ready to provide stable youngsters for wholesale customers. Gusyata breed: Landskaja, Linda, Italy, Legard, Mulards quickly gain weight. Our company is ready to bring the bird to the buyer. We make the record by phone."
16,1960b9453696,"Windbreaker Marks & spencer, 3-4 years for growth 104cm new"
17,786e3c55dde1,"two cartridges in perfect condition, tucked"
18,569625109c7d,For sale Grilyato ceiling 33 kV instead of with lamps 6 pieces
19,d6cf3b90c6ab,I change to a site or a house within the city. It is possible from 2 km from the city ..
20,79f4121c8292,"exchange land for 18 hundred. foundation 12-15, ground floor-garage, 3 rooms, sauna, swimming pool, Mezenskoye village for 3 cars Daewoo Nexia, 2009-2010."
21,e76076666a55,Sled boots for the girl. Gray.
22,92578550fba8,Status in the photo. The price is negotiable.
23,f21908332778,None
24,2311b3533b0f,"1, 2, 5, 10, 20, 50 euro cents of countries Austria, Spain, Belgium, Finland, Germany, Greece, Italy, Portugal, Slovenia, France, Estonia, Luxembourg, Malta, Cyprus, Lithuania."
25,c73533ab62fe,Original stickers 200 rubles a pair of apples)))
26,6c9575830305,Dress + hat in excellent condition
27,6e556297be27,None
28,23ea25e758da,plastic works from the key! on the run. hooligans took off one tire !!
29,1f5130d2f103,None
30,a5686d2876d5,"I'm selling camouflage vest for hunting. Waistcoat on the rivets, cartridge belt for the 12-gauge cartridge. Made in the USSR, the state is excellent. Size 62"
31,977533f653ef,"I sell leather shoes. Production Yugoslavia. Very comfortable, firm, soft leather. Size 37. Color of ivory. We dressed once, at the prom. Shoes in excellent condition (not scratched, not worn off), tk. shod for one hour indoors. The reason for selling is not wearing a heel. /
WhatsApp, Viber."
32,593ef2e37569,None
33,6d43bf9594c2,"Selling a plot of land 10 hectare with a reinforced foundation 10 x 12, the area of ​​the airfield. Gas is a street light, light. Documents - unfinished. Other questions by phone."
34,f55a78273ef2,"Envelope for spring, light cotton, cap and european."
35,067f6dec0cb1,"NPB312038 For sale 2k apartment 42m2, 3/3 floors. Suspended ceilings. In the hallway and in the kitchen there is a tile. Windows MPO. The loggia is glazed. Documents are ready for sale. The cost is below market."
36,b93977a21e4b,Medical encyclopedia of 30 volumes ...
37,352c2dd338ae,"district Komsomol ponds, state farm ""Lopansky"" garden association ""Enthusiast"" site №357 and 340. Country house, Bathhouse, shed, toilet, Well. Water tank. 2 cube. garden and garden light. Entrance year-round road poured gravel soon will be asphalt."
38,7402c194edbe,"I was not worn even once, I sell as a useless /
size 43 Russian + 6 turns European 49 approximately"
39,e1dd530d95c7,"selling lathe for metal 1a62, new, with storage (in lubrication)"
40,3fc4ed0478c7,"WE ARE A HIGH PROFILE BUILDER BRIGADE /
we will repair any room, any complexity. /
Plastering, plastering, plumbing installation /
and much more./
We work without days off.
Warranty, contract."
41,33b8d21a8495,"Sale portable speaker EXEQ SPK-1112 Black /
without bargaining /
Power 3 W /
The frequency range is 150-18000 Hz /
Presence of adjustments adjusting the volume / switching songs, on / pause songs /
Audio Input 3.5 mm /
Audio output 3.5 mm (for headphones) /
The power interface of the battery capacity of 530 mAh, charging from the USB 5V /
Battery life 5-7 hours /
Additional features built-in MP3 player with support for microSD and USB flash memory cards, FM radio (76.0-108.0), external antenna for high-quality radio signal reception, clock, alarm clock /
General characteristics	/
Reference SPK-1112 /
Packing list: column"
42,70dae00c10c0,"An excellent joystick for working out basic skills, increasing skill level in flight simulators or for straightening hands. /
- 12 buttons ./
- 4 axis of positioning.
- the presence of vibration and good suckers."
43,5c9f9fc0f165,"tent camping, 4-person /
two-layer, geometry: hemisphere /
internal frame, arcs of fiberglass /
2 entrances / one room /
weight 6.50 kg /
water resistant canopy: 2500 mm w /
external dimensions (LxWxH) 410х210х175 cm /
canopy above the entrance"
44,888b92decbd8,"Sleeping Dogs-500 /
Far cry 4-1000 /
Max Payne-500 /
WWE2k14-1000 /
Metro last light-500 /
GTA-500 /
Battlefield 3-400 /
UFC trainer-400"
45,65bef34c64a5,"25/24 (leatherette), excellent quality /
Delivery 7-9 days /
Concerning the purchase, only private messages"
46,26650bc18dd5,"Spring jacket female company ""Ballini."" The condition is excellent. There is a strap in the kit."
47,7a67fda5cc9d,Table 1500 chair 500
48,9a5a21431287,selling rubber summer boots. the state of the new. length along the insole 18.5
49,94779aa40dcc,"Material: natural leather /
Size: 25x8x16 cm /
Weight: 450 gr /
Country brand: Italy /
Country of origin: Italy Miniature bags conquered the hearts of women of fashion from all over the world! We advise you to take a closer look at this variant: a comfortable long chain-belt, a dense skin with a small embossing ""under the reptile,"" and an interesting combination of beige and blue shades - such a ""copy"" will remain in the wardrobe for a long time! With a beige dress-case or with a long sarafan in the floor, with trouser suit or tight jeans and silk top - with this accessory you will look great! Women's handbag brand ELEGANZZA made of genuine leather. The bag closes on the valve. Inside - one compartment, in which there is a pocket with a zip and an open pocket. The model has legs at the bottom, as well as an open pocket on the back wall. The length of the shoulder strap is 130 cm. The shoulder strap combined is a chain and leather."
